<modification>
  <id>Apimodule</id>
  <version>1.0.0</version>
  <vqmver>1.0.9</vqmver>
  <author>Pinta</author>
 
  <file name="catalog/model/checkout/order.php">
    <operation>
     
      <search position="after"><![CDATA[
        $template->data['vouchers'] = array();
      ]]></search>
         
      <add><![CDATA[
        $this->load->model('module/apimodule');
        $this->model_module_apimodule->sendNotifications($order_id);
      ]]></add>
         
    </operation>
  </file>
  <file path="admin/controller/user/user.php">
        <operation error="skip">
            <search ><![CDATA[$this->model_user_user->deleteUser($user_id);]]></search>
            <add position="before"><![CDATA[
                $sql = "DELETE FROM `" . DB_PREFIX . "user_token_mob_api`  WHERE user_id = '". $user_id."'";
                $query = $this->db->query($sql);
                $sql = "DELETE FROM `" . DB_PREFIX . "user_device_mob_api` WHERE user_id = ". $user_id;
                $query = $this->db->query($sql); ]]></add>
        </operation>
    </file>
</modification>